CustomerID,Age,Annual_Income_k,Spending_Score,Membership_Years,Device_Type
10001,56,107.7,81.0,4,Mobile
10002,46,26.0,57.0,1,Tablet
10003,32,62.0,67.0,7,Mobile
10004,60,76.8,68.0,2,Mobile
10005,25,70.6,57.0,2,Mobile
10006,38,52.5,26.0,9,Desktop
10007,56,60.8,61.0,5,Desktop
10008,36,55.1,55.0,2,Mobile
10009,40,53.2,55.0,9,Desktop
10010,28,82.0,44.0,9,Tablet
10011,28,72.1,43.0,1,Mobile
10012,41,51.1,66.0,3,Mobile
10013,53,83.0,63.0,4,Mobile
10014,57,71.1,69.0,7,Desktop
10015,41,81.3,63.0,4,Mobile
10016,20,77.6,61.0,2,Desktop
10017,39,48.4,63.0,7,Desktop
10018,19,53.8,44.0,6,Mobile
10019,41,79.9,63.0,3,Tablet
10020,61,77.2,54.0,6,Mobile
10021,47,64.6,49.0,6,Mobile
10022,55,67.3,52.0,5,Desktop
10023,19,90.6,70.0,4,Desktop
10024,38,53.2,44.0,1,Mobile
10025,50,75.9,79.0,6,Desktop
10026,29,61.0,41.0,2,Tablet
10027,39,60.6,51.0,3,Mobile
10028,61,87.0,58.0,8,Tablet
10029,42,81.5,84.0,6,Mobile
10030,44,81.3,65.0,3,Mobile
10031,59,91.1,82.0,7,Mobile
10032,45,65.4,34.0,4,Desktop
10033,33,78.6,65.0,9,Desktop
10034,32,58.8,67.0,5,Mobile
10035,64,71.5,60.0,3,Mobile
10036,61,62.4,71.0,2,Desktop
10037,20,66.9,49.0,2,Mobile
10038,54,76.9,82.0,3,Desktop
10039,24,48.6,84.0,2,Desktop
10040,38,106.8,67.0,4,Mobile
10041,26,44.9,41.0,2,Tablet
10042,56,40.7,68.0,9,Mobile
10043,35,88.2,89.0,2,Tablet
10044,21,80.8,54.0,9,Desktop
10045,42,77.5,55.0,6,Desktop
10046,31,77.6,57.0,1,Mobile
10047,26,64.8,36.0,4,Desktop
10048,43,47.1,35.0,1,Mobile
10049,19,66.5,42.0,6,Mobile
10050,37,51.5,39.0,4,Mobile
10051,45,84.5,63.0,3,Mobile
10052,64,62.1,58.0,3,Mobile
10053,24,48.5,73.0,9,Desktop
10054,61,58.6,38.0,6,Desktop
10055,25,73.3,74.0,9,Mobile
10056,64,53.7,48.0,5,Desktop
10057,52,48.6,49.0,2,Mobile
10058,31,69.9,68.0,8,Desktop
10059,34,69.9,41.0,5,Desktop
10060,53,54.9,58.0,2,Mobile
10061,57,55.6,55.0,4,Desktop
10062,21,69.6,65.0,9,Mobile
10063,19,36.0,49.0,4,Mobile
10064,23,36.9,82.0,4,Desktop
10065,59,50.6,41.0,2,Mobile
10066,21,60.7,46.0,6,Mobile
10067,46,71.2,49.0,2,Mobile
10068,35,94.5,59.0,7,Desktop
10069,43,82.2,53.0,3,Mobile
10070,61,61.8,73.0,3,Mobile
10071,51,64.6,77.0,5,Desktop
10072,27,44.9,39.0,3,Desktop
10073,53,64.6,43.0,2,Mobile
10074,31,59.2,61.0,9,Mobile
10075,48,71.5,50.0,2,Mobile
10076,32,48.5,59.0,2,Mobile
10077,25,75.4,63.0,8,Mobile
10078,31,95.7,46.0,9,Desktop
10079,40,62.8,78.0,7,Desktop
10080,57,73.0,86.0,3,Desktop
10081,38,78.8,52.0,9,Mobile
10082,33,57.0,47.0,3,Desktop
10083,62,69.5,62.0,5,Mobile
10084,35,65.3,61.0,9,Tablet
10085,64,67.0,67.0,3,Desktop
10086,41,49.5,80.0,7,Mobile
10087,43,65.5,54.0,1,Desktop
10088,42,75.0,48.0,4,Mobile
10089,62,94.0,47.0,4,Desktop
10090,58,84.2,53.0,7,Mobile
10091,46,108.1,73.0,8,Mobile
10092,32,49.7,77.0,1,Desktop
10093,62,82.4,55.0,5,Mobile
10094,18,68.7,61.0,7,Desktop
10095,42,108.8,73.0,4,Mobile
10096,24,48.8,67.0,4,Desktop
10097,26,48.2,87.0,4,Desktop
10098,41,53.0,43.0,6,Mobile
10099,18,22.5,32.0,7,Mobile
10100,61,54.5,67.0,2,Mobile
10101,25,49.8,60.0,5,Mobile
10102,41,68.0,85.0,4,Mobile
10103,28,71.8,67.0,3,Desktop
10104,34,102.5,66.0,7,Tablet
10105,25,84.0,72.0,6,Desktop
10106,52,53.5,68.0,7,Desktop
10107,52,47.0,61.0,5,Desktop
10108,50,74.8,68.0,6,Desktop
10109,22,38.6,61.0,5,Mobile
10110,59,101.6,88.0,7,Tablet
10111,56,88.6,86.0,2,Desktop
10112,58,55.6,62.0,5,Mobile
10113,45,30.7,40.0,6,Mobile
10114,24,92.1,69.0,6,Mobile
10115,26,62.7,73.0,5,Mobile
10116,25,89.8,54.0,7,Desktop
10117,29,33.1,49.0,8,Mobile
10118,51,53.0,45.0,7,Mobile
10119,50,65.1,56.0,5,Tablet
10120,40,65.9,76.0,1,Mobile
10121,41,56.0,55.0,5,Mobile
10122,54,77.5,62.0,2,Mobile
10123,52,43.6,27.0,5,Desktop
10124,61,62.2,66.0,5,Tablet
10125,57,67.4,67.0,2,Mobile
10126,39,75.3,93.0,5,Desktop
10127,44,79.2,57.0,4,Mobile
10128,52,42.5,50.0,1,Tablet
10129,18,34.3,47.0,3,Desktop
10130,52,90.6,90.0,1,Desktop
10131,54,71.6,57.0,5,Mobile
10132,64,50.0,54.0,4,Tablet
10133,31,96.0,78.0,7,Desktop
10134,20,67.3,60.0,5,Mobile
10135,18,88.6,59.0,4,Desktop
10136,22,66.4,59.0,2,Mobile
10137,43,106.2,89.0,4,Desktop
10138,31,100.1,55.0,2,Mobile
10139,56,60.0,56.0,8,Desktop
10140,44,84.4,53.0,3,Mobile
10141,26,77.9,79.0,9,Mobile
10142,32,92.4,44.0,4,Mobile
10143,32,45.7,40.0,6,Mobile
10144,43,78.7,67.0,5,Mobile
10145,59,86.2,88.0,1,Mobile
10146,30,29.8,41.0,9,Mobile
10147,49,41.3,38.0,1,Mobile
10148,56,24.2,68.0,8,Mobile
10149,49,59.6,32.0,9,Desktop
10150,21,79.4,29.0,9,Mobile
10151,47,95.0,75.0,1,Tablet
10152,54,66.5,49.0,2,Desktop
10153,40,97.6,54.0,1,Desktop
10154,56,37.4,56.0,2,Mobile
10155,62,30.9,46.0,8,Desktop
10156,32,63.9,47.0,5,Mobile
10157,60,72.7,40.0,7,Mobile
10158,46,64.3,69.0,2,Mobile
10159,53,23.7,49.0,8,Desktop
10160,30,63.2,54.0,6,Mobile
10161,49,38.9,73.0,8,Mobile
10162,24,78.4,45.0,1,Tablet
10163,39,72.3,36.0,1,Desktop
10164,45,46.2,38.0,7,Mobile
10165,19,54.7,51.0,8,Mobile
10166,59,43.8,51.0,3,Desktop
10167,62,63.7,52.0,5,Mobile
10168,23,84.1,69.0,1,Mobile
10169,45,45.3,29.0,7,Mobile
10170,45,75.1,82.0,5,Tablet
10171,61,54.4,51.0,8,Desktop
10172,61,49.1,66.0,8,Desktop
10173,37,62.9,60.0,9,Desktop
10174,47,44.3,55.0,7,Mobile
10175,28,53.9,60.0,1,Mobile
10176,45,41.0,53.0,3,Mobile
10177,42,104.3,81.0,8,Mobile
10178,56,65.7,76.0,3,Mobile
10179,50,51.0,53.0,8,Desktop
10180,18,69.3,68.0,1,Desktop
10181,44,62.8,54.0,5,Desktop
10182,30,60.6,76.0,4,Mobile
10183,58,77.3,51.0,5,Desktop
10184,20,80.2,89.0,8,Desktop
10185,56,54.4,51.0,4,Mobile
10186,23,53.5,30.0,4,Desktop
10187,25,59.5,56.0,3,Mobile
10188,44,19.0,27.0,7,Mobile
10189,26,34.7,56.0,3,Mobile
10190,54,92.3,57.0,3,Mobile
10191,50,97.9,62.0,5,Mobile
10192,59,60.0,26.0,5,Desktop
10193,61,76.5,54.0,6,Tablet
10194,41,71.2,22.0,8,Desktop
10195,32,126.6,57.0,6,Desktop
10196,49,87.4,76.0,1,Mobile
10197,49,62.4,67.0,8,Desktop
10198,41,45.9,55.0,8,Mobile
10199,58,32.9,29.0,9,Mobile
10200,29,69.1,57.0,9,Mobile
10201,56,49.9,50.0,2,Mobile
10202,19,36.6,27.0,2,Mobile
10203,20,52.1,73.0,3,Mobile
10204,54,43.4,61.0,1,Mobile
10205,34,98.7,66.0,4,Tablet
10206,19,82.6,63.0,4,Mobile
10207,19,64.8,59.0,9,Mobile
10208,45,94.6,37.0,9,Mobile
10209,40,66.5,53.0,9,Desktop
10210,54,47.8,39.0,7,Mobile
10211,49,95.5,53.0,2,Mobile
10212,50,75.8,56.0,5,Mobile
10213,18,44.3,75.0,4,Mobile
10214,36,61.2,64.0,8,Mobile
10215,19,47.5,40.0,2,Mobile
10216,61,37.3,54.0,6,Mobile
10217,43,83.5,84.0,5,Mobile
10218,49,103.2,85.0,2,Mobile
10219,23,37.0,46.0,1,Desktop
10220,49,76.3,51.0,8,Mobile
10221,21,52.0,61.0,2,Mobile
10222,28,55.3,58.0,7,Mobile
10223,34,53.2,65.0,9,Tablet
10224,55,47.7,59.0,9,Mobile
10225,41,66.0,72.0,8,Mobile
10226,22,48.4,41.0,9,Desktop
10227,51,70.4,78.0,2,Mobile
10228,23,64.0,59.0,6,Mobile
10229,39,60.2,85.0,4,Mobile
10230,28,46.8,38.0,4,Desktop
10231,33,53.5,77.0,5,Mobile
10232,50,80.1,65.0,3,Desktop
10233,26,75.0,50.0,1,Tablet
10234,23,45.4,41.0,8,Mobile
10235,33,67.0,52.0,5,Mobile
10236,46,80.0,68.0,3,Mobile
10237,20,31.6,50.0,7,Mobile
10238,37,75.9,52.0,7,Mobile
10239,53,51.7,50.0,1,Tablet
10240,36,76.4,93.0,9,Desktop
10241,43,49.7,76.0,2,Desktop
10242,20,28.9,48.0,5,Mobile
10243,36,32.4,44.0,5,Desktop
10244,37,66.0,58.0,8,Tablet
10245,49,70.2,67.0,8,Desktop
10246,24,46.9,33.0,7,Mobile
10247,58,77.8,57.0,7,Desktop
10248,50,31.8,18.0,6,Mobile
10249,57,63.7,61.0,6,Mobile
10250,56,40.8,56.0,9,Mobile
10251,35,52.0,44.0,6,Desktop
10252,57,65.9,80.0,2,Desktop
10253,18,47.8,31.0,2,Mobile
10254,28,57.3,31.0,5,Mobile
10255,45,85.1,67.0,4,Mobile
10256,42,53.5,67.0,2,Mobile
10257,40,81.7,88.0,3,Mobile
10258,48,42.4,40.0,7,Mobile
10259,47,75.6,76.0,8,Desktop
10260,59,93.8,67.0,6,Mobile
10261,52,15.6,34.0,5,Mobile
10262,24,49.1,63.0,1,Mobile
10263,33,76.5,70.0,8,Tablet
10264,43,60.9,31.0,3,Desktop
10265,19,72.4,81.0,6,Desktop
10266,18,52.9,72.0,3,Mobile
10267,29,66.7,47.0,7,Mobile
10268,22,61.9,61.0,7,Mobile
10269,54,88.4,73.0,9,Desktop
10270,49,70.1,62.0,5,Tablet
10271,26,71.8,50.0,8,Desktop
10272,58,56.8,43.0,8,Desktop
10273,52,55.2,52.0,1,Desktop
10274,36,56.3,70.0,5,Mobile
10275,33,72.9,67.0,3,Tablet
10276,20,56.6,47.0,1,Mobile
10277,37,70.8,70.0,4,Mobile
10278,41,106.5,30.0,8,Mobile
10279,50,82.4,80.0,3,Mobile
10280,41,58.5,27.0,2,Mobile
10281,28,89.0,60.0,9,Mobile
10282,25,56.8,36.0,5,Mobile
10283,53,24.2,20.0,7,Mobile
10284,55,44.8,65.0,2,Mobile
10285,57,27.6,34.0,9,Mobile
10286,37,58.0,58.0,9,Mobile
10287,52,65.4,55.0,4,Mobile
10288,42,98.5,77.0,4,Desktop
10289,52,71.5,60.0,6,Desktop
10290,42,60.6,35.0,6,Desktop
10291,46,81.6,78.0,1,Desktop
10292,35,20.8,31.0,9,Mobile
10293,63,69.7,35.0,2,Desktop
10294,35,80.4,56.0,5,Mobile
10295,19,35.4,67.0,9,Mobile
10296,52,87.9,78.0,4,Desktop
10297,33,71.8,53.0,3,Mobile
10298,58,56.7,47.0,7,Desktop
10299,53,77.7,56.0,6,Desktop
10300,50,110.4,100.0,8,Desktop
10301,21,68.6,63.0,3,Tablet
10302,50,70.0,64.0,5,Mobile
10303,31,55.8,68.0,4,Mobile
10304,38,48.0,53.0,4,Mobile
10305,37,81.6,59.0,4,Mobile
10306,25,47.9,46.0,8,Desktop
10307,24,66.4,55.0,6,Desktop
10308,20,55.4,52.0,3,Desktop
10309,34,74.6,71.0,5,Mobile
10310,50,71.7,59.0,6,Mobile
10311,29,85.8,75.0,5,Mobile
10312,39,54.8,51.0,6,Mobile
10313,39,59.6,55.0,8,Desktop
10314,63,45.4,18.0,7,Mobile
10315,47,56.1,66.0,5,Mobile
10316,55,72.5,64.0,6,Mobile
10317,55,80.1,77.0,4,Desktop
10318,62,46.6,5.0,9,Desktop
10319,25,82.4,94.0,4,Mobile
10320,44,92.1,65.0,1,Mobile
10321,44,73.3,76.0,7,Mobile
10322,51,102.5,55.0,7,Mobile
10323,38,49.5,59.0,4,Desktop
10324,47,40.1,30.0,3,Desktop
10325,50,29.4,32.0,8,Mobile
10326,45,94.9,97.0,5,Mobile
10327,64,78.1,58.0,7,Tablet
10328,50,63.9,59.0,4,Mobile
10329,22,70.6,71.0,4,Desktop
10330,36,42.5,54.0,8,Mobile
10331,21,113.9,78.0,8,Mobile
10332,52,67.6,63.0,2,Mobile
10333,34,67.2,93.0,2,Mobile
10334,61,79.5,61.0,3,Tablet
10335,45,74.6,63.0,3,Mobile
10336,47,69.5,74.0,1,Mobile
10337,46,49.2,66.0,3,Mobile
10338,63,74.4,78.0,6,Mobile
10339,23,102.6,81.0,8,Mobile
10340,52,91.9,50.0,6,Mobile
10341,58,96.9,93.0,5,Desktop
10342,54,54.8,35.0,4,Mobile
10343,41,45.2,53.0,3,Mobile
10344,46,62.5,44.0,4,Tablet
10345,63,66.1,55.0,7,Mobile
10346,48,86.9,70.0,1,Tablet
10347,52,31.2,47.0,7,Mobile
10348,50,95.6,75.0,1,Desktop
10349,38,61.8,79.0,2,Desktop
10350,49,56.5,59.0,4,Desktop
10351,40,44.8,44.0,1,Tablet
10352,50,31.9,57.0,9,Mobile
10353,20,81.5,80.0,6,Tablet
10354,35,66.5,38.0,1,Mobile
10355,42,39.2,55.0,1,Mobile
10356,59,39.1,56.0,6,Mobile
10357,48,58.3,49.0,4,Mobile
10358,20,98.4,90.0,4,Mobile
10359,57,59.8,52.0,6,Mobile
10360,63,34.9,46.0,7,Mobile
10361,41,60.1,51.0,9,Desktop
10362,49,59.5,54.0,5,Desktop
10363,64,11.1,18.0,9,Mobile
10364,39,63.9,34.0,4,Mobile
10365,40,60.4,78.0,2,Mobile
10366,19,78.9,49.0,3,Mobile
10367,44,102.0,56.0,1,Mobile
10368,59,87.5,33.0,6,Mobile
10369,19,59.6,44.0,6,Mobile
10370,43,42.9,27.0,1,Tablet
10371,34,116.5,100.0,3,Mobile
10372,57,66.2,72.0,5,Mobile
10373,50,65.3,46.0,3,Mobile
10374,26,64.5,90.0,3,Mobile
10375,60,69.0,72.0,3,Mobile
10376,56,62.1,50.0,5,Desktop
10377,46,53.5,14.0,5,Mobile
10378,59,54.1,86.0,4,Mobile
10379,43,64.3,35.0,1,Tablet
10380,52,54.1,27.0,5,Desktop
10381,42,50.7,66.0,5,Desktop
10382,41,67.1,93.0,4,Mobile
10383,30,59.9,75.0,6,Desktop
10384,24,95.1,76.0,4,Mobile
10385,53,12.0,44.0,7,Mobile
10386,62,86.8,78.0,7,Mobile
10387,37,89.9,77.0,2,Mobile
10388,18,23.5,44.0,3,Mobile
10389,25,58.1,55.0,1,Mobile
10390,63,57.6,52.0,8,Tablet
10391,33,36.8,33.0,9,Tablet
10392,31,49.4,46.0,4,Desktop
10393,29,42.8,22.0,6,Mobile
10394,40,100.0,69.0,9,Desktop
10395,32,83.7,49.0,6,Mobile
10396,45,90.4,50.0,9,Desktop
10397,51,79.4,64.0,4,Mobile
10398,19,42.4,68.0,8,Desktop
10399,49,54.5,66.0,9,Mobile
10400,40,74.8,36.0,4,Desktop
10401,39,40.6,31.0,5,Tablet
10402,42,79.3,76.0,8,Mobile
10403,39,60.2,39.0,6,Mobile
10404,39,57.5,50.0,7,Tablet
10405,59,79.2,70.0,3,Mobile
10406,23,73.9,45.0,7,Desktop
10407,32,57.8,55.0,8,Mobile
10408,60,88.2,45.0,6,Mobile
10409,54,43.4,38.0,9,Mobile
10410,50,77.3,66.0,6,Mobile
10411,25,76.9,37.0,9,Desktop
10412,61,58.8,60.0,4,Mobile
10413,61,71.5,58.0,8,Mobile
10414,22,40.0,54.0,4,Mobile
10415,56,83.5,67.0,2,Mobile
10416,21,61.3,75.0,9,Desktop
10417,23,54.5,54.0,5,Tablet
10418,62,86.0,58.0,4,Mobile
10419,49,50.9,52.0,2,Desktop
10420,47,36.8,53.0,1,Desktop
10421,64,33.9,44.0,7,Mobile
10422,52,77.1,61.0,6,Tablet
10423,57,39.4,35.0,2,Mobile
10424,33,100.1,60.0,8,Mobile
10425,30,23.4,18.0,4,Desktop
10426,59,98.9,96.0,8,Mobile
10427,47,69.2,39.0,7,Desktop
10428,36,63.1,45.0,5,Desktop
10429,34,54.1,41.0,8,Mobile
10430,36,73.0,73.0,9,Desktop
10431,45,64.2,51.0,5,Mobile
10432,43,87.1,84.0,5,Mobile
10433,54,67.3,47.0,2,Desktop
10434,43,68.0,61.0,5,Tablet
10435,40,57.7,41.0,3,Mobile
10436,26,63.9,88.0,7,Mobile
10437,29,71.2,41.0,5,Desktop
10438,18,30.8,47.0,8,Desktop
10439,18,38.0,55.0,1,Desktop
10440,64,79.9,68.0,3,Mobile
10441,51,68.4,55.0,3,Mobile
10442,49,61.3,53.0,9,Mobile
10443,42,65.4,57.0,5,Desktop
10444,57,72.0,57.0,9,Mobile
10445,62,54.2,66.0,9,Mobile
10446,18,49.4,83.0,1,Tablet
10447,33,68.9,49.0,2,Mobile
10448,56,45.4,28.0,5,Tablet
10449,22,73.2,58.0,4,Desktop
10450,39,30.9,81.0,9,Desktop
10451,46,85.6,52.0,7,Mobile
10452,20,74.5,84.0,6,Mobile
10453,29,70.1,83.0,7,Desktop
10454,43,84.7,56.0,1,Desktop
10455,33,98.3,78.0,1,Desktop
10456,54,85.3,89.0,8,Mobile
10457,39,28.2,36.0,2,Desktop
10458,46,39.4,43.0,9,Desktop
10459,31,52.5,42.0,7,Desktop
10460,45,65.5,41.0,6,Desktop
10461,22,75.4,50.0,1,Desktop
10462,64,50.5,32.0,1,Desktop
10463,47,68.7,58.0,2,Mobile
10464,63,49.9,38.0,6,Mobile
10465,22,52.8,55.0,6,Mobile
10466,29,36.9,21.0,2,Mobile
10467,33,46.5,54.0,1,Mobile
10468,43,38.0,58.0,5,Mobile
10469,43,45.5,18.0,5,Mobile
10470,38,86.1,70.0,2,Mobile
10471,56,46.0,67.0,6,Desktop
10472,53,117.6,59.0,9,Tablet
10473,50,74.9,85.0,2,Mobile
10474,47,68.7,64.0,2,Tablet
10475,54,47.8,39.0,3,Mobile
10476,40,79.0,61.0,7,Mobile
10477,27,53.5,60.0,6,Mobile
10478,22,67.4,58.0,8,Mobile
10479,53,116.2,85.0,8,Desktop
10480,51,63.1,41.0,6,Desktop
10481,48,88.0,68.0,3,Mobile
10482,27,50.9,29.0,3,Mobile
10483,36,64.3,54.0,1,Mobile
10484,49,100.4,57.0,7,Mobile
10485,18,52.5,40.0,5,Mobile
10486,22,101.2,89.0,4,Mobile
10487,62,79.2,78.0,4,Desktop
10488,21,53.8,61.0,4,Tablet
10489,33,77.6,45.0,6,Mobile
10490,41,84.5,59.0,8,Tablet
10491,33,77.4,79.0,8,Mobile
10492,19,33.6,46.0,5,Mobile
10493,45,50.5,85.0,6,Mobile
10494,49,60.0,60.0,4,Desktop
10495,44,63.5,58.0,9,Tablet
10496,37,77.4,56.0,8,Desktop
10497,41,68.6,59.0,1,Mobile
10498,29,38.3,43.0,2,Desktop
10499,52,72.6,70.0,9,Mobile
10500,50,77.2,75.0,8,Desktop
